prompt_index,iteration_number,prompt,success,time_seconds,cumulative_success_rate,notes,criterion,geometry_count,analysis_case_count,data_count,coefficients_changed,final_response,error,session_directory
1,1,make the upper surface more cambered,yes,11.670,1.0000,Expected at least 1 changed coefficients on upper; observed 8.,coefficients-changed,1,0,0,8,None,,/Users/anishpatil/Documents/ADA_Project/ada/prompt_engineering/test_sessions/2026-08-31_15-19-00/prompt_001/iteration_001
1,2,make the upper surface more cambered,no,22.677,0.5000,Expected at least 1 changed coefficients on upper; observed 0.,coefficients-changed,1,0,0,0,None,,/Users/anishpatil/Documents/ADA_Project/ada/prompt_engineering/test_sessions/2026-08-31_15-19-00/prompt_001/iteration_002
1,3,make the upper surface more cambered,yes,7.888,0.6667,Expected at least 1 changed coefficients on upper; observed 8.,coefficients-changed,1,0,0,8,None,,/Users/anishpatil/Documents/ADA_Project/ada/prompt_engineering/test_sessions/2026-08-31_15-19-00/prompt_001/iteration_003
1,4,make the upper surface more cambered,yes,16.490,0.7500,Expected at least 1 changed coefficients on upper; observed 8.,coefficients-changed,1,0,0,8,None,,/Users/anishpatil/Documents/ADA_Project/ada/prompt_engineering/test_sessions/2026-08-31_15-19-00/prompt_001/iteration_004
1,5,make the upper surface more cambered,yes,19.068,0.8000,Expected at least 1 changed coefficients on upper; observed 8.,coefficients-changed,1,0,0,8,None,,/Users/anishpatil/Documents/ADA_Project/ada/prompt_engineering/test_sessions/2026-08-31_15-19-00/prompt_001/iteration_005
1,6,make the upper surface more cambered,yes,9.593,0.8333,Expected at least 1 changed coefficients on upper; observed 8.,coefficients-changed,1,0,0,8,None,,/Users/anishpatil/Documents/ADA_Project/ada/prompt_engineering/test_sessions/2026-08-31_15-19-00/prompt_001/iteration_006
1,7,make the upper surface more cambered,yes,7.878,0.8571,Expected at least 1 changed coefficients on upper; observed 8.,coefficients-changed,1,0,0,8,None,,/Users/anishpatil/Documents/ADA_Project/ada/prompt_engineering/test_sessions/2026-08-31_15-19-00/prompt_001/iteration_007
1,8,make the upper surface more cambered,yes,6.868,0.8750,Expected at least 1 changed coefficients on upper; observed 8.,coefficients-changed,1,0,0,8,None,,/Users/anishpatil/Documents/ADA_Project/ada/prompt_engineering/test_sessions/2026-08-31_15-19-00/prompt_001/iteration_008
1,9,make the upper surface more cambered,yes,9.980,0.8889,Expected at least 1 changed coefficients on upper; observed 8.,coefficients-changed,1,0,0,8,None,,/Users/anishpatil/Documents/ADA_Project/ada/prompt_engineering/test_sessions/2026-08-31_15-19-00/prompt_001/iteration_009
1,10,make the upper surface more cambered,yes,9.946,0.9000,Expected at least 1 changed coefficients on upper; observed 8.,coefficients-changed,1,0,0,8,None,,/Users/anishpatil/Documents/ADA_Project/ada/prompt_engineering/test_sessions/2026-08-31_15-19-00/prompt_001/iteration_010
